Entity,Types,Authored by,Contributed by,Name,Podcast,URL,Publish date
Wim Hof (the Iceman) on Defeating Extreme Cold & Attenuating the Immune Response,Podcast episode,Dr. Rhonda Patrick,Wim Hof,Wim Hof (the Iceman) on Defeating Extreme Cold & Attenuating the Immune Response,Found My Fitness,https://www.foundmyfitness.com/episodes/wim-hof,2015-10-22
"#067 Dr. Ashley Mason on Drug-free Approaches for Treating Depression, Insomnia, and Overeating",Podcast episode,Dr. Rhonda Patrick,Dr. Ashley Mason,"#067 Dr. Ashley Mason on Drug-free Approaches for Treating Depression, Insomnia, and Overeating",Found My Fitness,https://podcasts.apple.com/us/podcast/067-dr-ashley-mason-on-drug-free-approaches-for-treating/id818198322?i=1000534138393,2021-09-02
How Your Brain Works & Changes,Podcast episode,Dr. Andrew Huberman,,How Your Brain Works & Changes,Huberman Lab,https://hubermanlab.com/how-your-nervous-system-works-and-changes/,2021-01-04
Understanding and Using Dreams to Learn and to Forget,Podcast episode,Dr. Andrew Huberman,,Understanding and Using Dreams to Learn and to Forget,Huberman Lab,https://hubermanlab.com/understanding-and-using-dreams-to-learn-and-to-forget/,2021-02-01
Optimize Your Learning & Creativity with Science-based Tools,Podcast episode,Dr. Andrew Huberman,,Optimize Your Learning & Creativity with Science-based Tools,Huberman Lab,https://hubermanlab.com/optimize-your-learning-and-creativity-with-science-based-tools/,2021-02-22
Control Pain & Heal Faster with Your Brain,Podcast episode,Dr. Andrew Huberman,,Control Pain & Heal Faster with Your Brain,Huberman Lab,https://hubermanlab.com/control-pain-and-heal-faster-with-your-brain/,2021-03-01
Master Stress: Tools for Managing Stress & Anxiety,Podcast episode,Dr. Andrew Huberman,,Master Stress: Tools for Managing Stress & Anxiety,Huberman Lab,https://hubermanlab.com/tools-for-managing-stress-and-anxiety/,2021-03-08
How to Increase Motivation & Drive,Podcast episode,Dr. Andrew Huberman,,How to Increase Motivation & Drive,Huberman Lab,https://hubermanlab.com/how-to-increase-motivation-and-drive/,2021-03-22
The Science of How to Optimize Testosterone & Estrogen,Podcast episode,Dr. Andrew Huberman,,The Science of How to Optimize Testosterone & Estrogen,Huberman Lab,https://hubermanlab.com/the-science-of-how-to-optimize-testosterone-and-estrogen/,2021-04-12
The Science of Sexual Development,Podcast episode,Dr. Andrew Huberman,,The Science of Sexual Development,Huberman Lab,https://hubermanlab.com/biological-influences-on-sex-sex-differences-and-preferences/,2021-04-05
"How Our Hormones Control Our Hunger, Eating & Satiety",Podcast episode,Dr. Andrew Huberman,,"How Our Hormones Control Our Hunger, Eating & Satiety",Huberman Lab,https://hubermanlab.com/how-our-hormones-control-our-hunger-eating-and-satiety/,2021-04-19
How to Control Your Metabolism by Thyroid & Growth Hormone,Podcast episode,Dr. Andrew Huberman,,How to Control Your Metabolism by Thyroid & Growth Hormone,Huberman Lab,https://hubermanlab.com/how-to-control-your-metabolism-by-thyroid-and-growth-hormone/,2021-04-26
"Science & Tools For Muscle Growth, Increasing Strength & Muscular Recovery",Podcast episode,Dr. Andrew Huberman,,"Science & Tools For Muscle Growth, Increasing Strength & Muscular Recovery",Huberman Lab,https://hubermanlab.com/science-of-muscle-growth-increasing-strength-and-muscular-recovery/,2021-05-31
How To Build Endurance In Your Brain & Body,Podcast episode,Dr. Andrew Huberman,,How To Build Endurance In Your Brain & Body,Huberman Lab,https://hubermanlab.com/how-to-build-endurance-in-your-brain-and-body/,2021-06-07
"The Science of Vision, Eye Health & Seeing Better",Podcast episode,Dr. Andrew Huberman,,"The Science of Vision, Eye Health & Seeing Better",Huberman Lab,https://hubermanlab.com/the-science-of-vision-eye-health-and-seeing-better/,2021-06-14
Dr. Karl Deisseroth: Understanding & Healing the Mind,Podcast episode,Dr. Andrew Huberman,Dr. Karl Deisseroth,Dr. Karl Deisseroth: Understanding & Healing the Mind,Huberman Lab,https://hubermanlab.com/karl-deisseroth-understanding-and-healing-the-mind/,2021-06-28
"The Science of Hearing, Balance & Accelerated Learning",Podcast episode,Dr. Andrew Huberman,,"The Science of Hearing, Balance & Accelerated Learning",Huberman Lab,https://hubermanlab.com/the-science-of-hearing-balance-and-accelerated-learning/,2021-07-05
"Exercise, Heat, Cold & Other Stressors for Longevity",Podcast episode,Dr. David Sinclair,Matthew LaPlante,"Exercise, Heat, Cold & Other Stressors for Longevity",Lifespan with Dr. David Sinclair,https://www.lifespanpodcast.com/exercise-heat-cold-and-other-stressors-for-longevity/,2022-01-19
"How to Optimize Your Brain-Body Function & Health",Podcast episode,Dr. Andrew Huberman,,How to Optimize Your Brain-Body Function & Health,Huberman Lab,https://hubermanlab.com/how-to-optimize-your-brain-body-function-and-health/,2021-07-26
Dr. Matthew Walker: The Science & Practice of Perfecting Your Sleep,Podcast episode,Dr. Andrew Huberman,Dr. Matthew Walker,Dr. Matthew Walker: The Science & Practice of Perfecting Your Sleep,Huberman Lab,https://hubermanlab.com/dr-matthew-walker-the-science-and-practice-of-perfecting-your-sleep/,2021-08-02
Dr. Anna Lembke: Understanding & Treating Addiction,Podcast episode,Dr. Andrew Huberman,,Dr. Anna Lembke: Understanding & Treating Addiction,Huberman Lab,https://hubermanlab.com/dr-anna-lembke-understanding-and-treating-addiction/,2021-08-16
Understanding & Conquering Depression,Podcast episode,Dr. Andrew Huberman,,Understanding & Conquering Depression,Huberman Lab,https://hubermanlab.com/understanding-and-conquering-depression/,2021-08-23
"Healthy Eating & Eating Disorders – Anorexia, Bulimia, Binging",Podcast episode,Dr. Andrew Huberman,,"Healthy Eating & Eating Disorders – Anorexia, Bulimia, Binging",Huberman Lab,https://hubermanlab.com/healthy-eating-and-eating-disorders-anorexia-bulimia-binging/,2021-09-06
ADHD & How Anyone Can Improve Their Focus,Podcast episode,Dr. Andrew Huberman,,ADHD & How Anyone Can Improve Their Focus,Huberman Lab,https://hubermanlab.com/adhd-and-how-anyone-can-improve-their-focus/,2021-09-13
Dr. Matthew Johnson: Psychedelics for Treating Mental Disorders,Podcast episode,Dr. Andrew Huberman,Dr. Matthew Johnson,Dr. Matthew Johnson: Psychedelics for Treating Mental Disorders,Huberman Lab,https://hubermanlab.com/dr-matthew-johnson-psychedelic-medicine/,2021-09-20
"Controlling Your Dopamine For Motivation, Focus & Satisfaction",Podcast episode,Dr. Andrew Huberman,,"Controlling Your Dopamine For Motivation, Focus & Satisfaction",Huberman Lab,https://hubermanlab.com/controlling-your-dopamine-for-motivation-focus-and-satisfaction/,2021-09-27
"NMN, NR, Resveratrol, Metformin & Other Molecules for Longevity",Podcast episode,Dr. David Sinclair,Matthew LaPlante,"NMN, NR, Resveratrol, Metformin & Other Molecules for Longevity",Lifespan with Dr. David Sinclair,https://www.lifespanpodcast.com/nmn-nr-resveratrol-metformin-and-other-molecules-for-longevity/,2022-01-26
"Dr. Craig Heller: Using Temperature for Performance, Brain & Body Health",Podcast episode,Dr. Andrew Huberman,Dr. Craig Heller,"Dr. Craig Heller: Using Temperature for Performance, Brain & Body Health",Huberman Lab,https://hubermanlab.com/dr-craig-heller-using-temperature-for-performance-brain-and-body-health/,2021-10-04
Effects of Fasting & Time Restricted Eating on Fat Loss & Health,Podcast episode,Dr. Andrew Huberman,,Effects of Fasting & Time Restricted Eating on Fat Loss & Health,Huberman Lab,https://hubermanlab.com/effects-of-fasting-and-time-restricted-eating-on-fat-loss-and-health/,2021-10-11
Nutrients For Brain Health & Performance,Podcast episode,Dr. Andrew Huberman,,Nutrients For Brain Health & Performance,Huberman Lab,https://hubermanlab.com/nutrients-for-brain-health-and-performance/,2021-10-18
"Dr. Samer Hattar: Timing Light, Food, & Exercise for Better Sleep, Energy & Mood",Podcast episode,Dr. Andrew Huberman,Dr. Samer Hattar,"Dr. Samer Hattar: Timing Light, Food, & Exercise for Better Sleep, Energy & Mood",Huberman Lab,https://hubermanlab.com/dr-samer-hattar-timing-light-food-exercise-for-better-sleep-energy-mood/,2021-10-25
Using Your Nervous System to Enhance Your Immune System,Podcast episode,Dr. Andrew Huberman,,Using Your Nervous System to Enhance Your Immune System,Huberman Lab,https://hubermanlab.com/using-your-nervous-system-to-enhance-your-immune-system/,2021-11-01
Dr. Duncan French: How to Exercise for Strength Gains & Hormone Optimization,Podcast episode,Dr. Andrew Huberman,Dr. Duncan French,Dr. Duncan French: How to Exercise for Strength Gains & Hormone Optimization,Huberman Lab,https://hubermanlab.com/dr-duncan-french-how-to-exercise-for-strength-gains-and-hormone-optimization/,2021-11-08
"Time Perception & Entrainment by Dopamine, Serotonin & Hormones",Podcast episode,Dr. Andrew Huberman,,"Time Perception & Entrainment by Dopamine, Serotonin & Hormones",Huberman Lab,https://hubermanlab.com/time-perception-and-entrainment-by-dopamine-serotonin-and-hormones/,2021-11-15
The Science of Gratitude & How to Build a Gratitude Practice,Podcast episode,Dr. Andrew Huberman,,The Science of Gratitude & How to Build a Gratitude Practice,Huberman Lab,https://hubermanlab.com/the-science-of-gratitude-and-how-to-build-a-gratitude-practice/,2021-11-22
Erasing Fears & Traumas Based on the Modern Neuroscience of Fear,Podcast episode,Dr. Andrew Huberman,,Erasing Fears & Traumas Based on the Modern Neuroscience of Fear,Huberman Lab,https://hubermanlab.com/erasing-fears-and-traumas-based-on-the-modern-neuroscience-of-fear/,2021-12-06
"Medical Interventions (TRT, HGH, Stem Cells, etc.) For Longevity",Podcast episode,Dr. David Sinclair,Matthew LaPlante,"Medical Interventions (TRT, HGH, Stem Cells, etc.) For Longevity",Lifespan with Dr. David Sinclair,https://www.lifespanpodcast.com/medical-interventions-trt-hgh-stem-cells-etc-for-longevity/,2022-02-02
Dr. David Berson: Your Brain’s Logic & Function,Podcast episode,Dr. Andrew Huberman,Dr. David Berson,Dr. David Berson: Your Brain’s Logic & Function,Huberman Lab,https://hubermanlab.com/dr-david-berson-your-brains-logic-and-function/,2021-12-13
"Science of Social Bonding in Family, Friendship & Romantic Love",Podcast episode,Dr. Andrew Huberman,,"Science of Social Bonding in Family, Friendship & Romantic Love",Huberman Lab,https://hubermanlab.com/science-of-social-bonding-in-family-friendship-and-romantic-love/,2021-12-20
The Science of Making & Breaking Habits,Podcast episode,Dr. Andrew Huberman,,The Science of Making & Breaking Habits,Huberman Lab,https://hubermanlab.com/the-science-of-making-and-breaking-habits/,2022-01-03
Dr. Jack Feldman: Breathing for Mental & Physical Health & Performance,Podcast episode,Dr. Andrew Huberman,Dr. Jack Feldman,Dr. Jack Feldman: Breathing for Mental & Physical Health & Performance,Huberman Lab,https://hubermanlab.com/dr-jack-feldman-breathing-for-mental-physical-health-and-performance/,2022-01-10
The Science of Setting & Achieving Goals,Podcast episode,Dr. Andrew Huberman,,The Science of Setting & Achieving Goals,Huberman Lab,https://hubermanlab.com/the-science-of-setting-and-achieving-goals/,2022-01-17
Dr. Alia Crum: Science of Mindsets for Health & Performance,Podcast episode,Dr. Andrew Huberman,Dr. Alia Crum,Dr. Alia Crum: Science of Mindsets for Health & Performance,Huberman Lab,https://hubermanlab.com/dr-alia-crum-science-of-mindsets-for-health-performance/,2022-01-24
"Optimizing Workspace for Productivity, Focus, & Creativity",Podcast episode,Dr. Andrew Huberman,,"Optimizing Workspace for Productivity, Focus, & Creativity",Huberman Lab,https://hubermanlab.com/optimizing-workspace-for-productivity-focus-and-creativity/,2022-01-31
Using Play to Rewire & Improve Your Brain,Podcast episode,Dr. Andrew Huberman,,Using Play to Rewire & Improve Your Brain,Huberman Lab,https://hubermanlab.com/using-play-to-rewire-and-improve-your-brain/,2022-02-07
"The Science of Looking Younger, Longer",Podcast episode,Dr. David Sinclair,Matthew LaPlante,"The Science of Looking Younger, Longer",Lifespan with Dr. David Sinclair,https://www.lifespanpodcast.com/the-science-of-looking-younger-longer/,2022-02-09
Dr. David Spiegel: Using Hypnosis to Enhance Mental & Physical Health & Performance,Podcast episode,Dr. Andrew Huberman,Dr. David Spiegel,Dr. David Spiegel: Using Hypnosis to Enhance Mental & Physical Health & Performance,Huberman Lab,https://hubermanlab.com/dr-david-spiegel-using-hypnosis-to-enhance-mental-and-physical-health-and-performance/,2022-02-21
How to Enhance Your Gut Microbiome for Brain & Overall Health,Podcast episode,Dr. Andrew Huberman,,How to Enhance Your Gut Microbiome for Brain & Overall Health,Huberman Lab,https://hubermanlab.com/how-to-enhance-your-gut-microbiome-for-brain-and-overall-health/,2022-02-28
Using Salt to Optimize Mental & Physical Performance,Podcast episode,Dr. Andrew Huberman,,Using Salt to Optimize Mental & Physical Performance,Huberman Lab,https://hubermanlab.com/using-salt-to-optimize-mental-and-physical-performance/,2022-03-14
Controlling Sugar Cravings & Metabolism with Science-Based Tools,Podcast episode,Dr. Andrew Huberman,,Controlling Sugar Cravings & Metabolism with Science-Based Tools,Huberman Lab,https://hubermanlab.com/controlling-sugar-cravings-and-metabolism-with-science-based-tools/,2022-03-21
"Dr. Andy Galpin: How to Build Strength, Muscle Size & Endurance",Podcast episode,Dr. Andrew Huberman,Dr. Andy Galpin,"Dr. Andy Galpin: How to Build Strength, Muscle Size & Endurance",Huberman Lab,https://hubermanlab.com/dr-andy-galpin-how-to-build-strength-muscle-size-and-endurance/,2022-03-28
Using Deliberate Cold Exposure for Health and Performance,Podcast episode,Dr. Andrew Huberman,,Using Deliberate Cold Exposure for Health and Performance,Huberman Lab,https://hubermanlab.com/using-deliberate-cold-exposure-for-health-and-performance/,2022-04-04
Dr. Kyle Gillett: How to Optimize Your Hormones for Health & Vitality,Podcast episode,Dr. Andrew Huberman,Dr. Kyle Gillett,Dr. Kyle Gillett: How to Optimize Your Hormones for Health & Vitality,Huberman Lab,https://hubermanlab.com/how-to-optimize-your-hormones-for-health-and-vitality/,2022-04-11
"Using Light (Sunlight, Blue Light & Red Light) to Optimize Health",Podcast episode,Dr. Andrew Huberman,,"Using Light (Sunlight, Blue Light & Red Light) to Optimize Health",Huberman Lab,https://hubermanlab.com/using-light-sunlight-blue-light-and-red-light-to-optimize-health/,2022-04-18
The Science & Health Benefits of Deliberate Heat Exposure,Podcast episode,Dr. Andrew Huberman,,The Science & Health Benefits of Deliberate Heat Exposure,Huberman Lab,https://hubermanlab.com/the-science-and-health-benefits-of-deliberate-heat-exposure/,2022-04-25
The Science of Keeping the Brain Healthy,Podcast episode,Dr. David Sinclair,Matthew LaPlante,The Science of Keeping the Brain Healthy,Lifespan with Dr. David Sinclair,https://www.lifespanpodcast.com/the-science-of-keeping-the-brain-healthy/,2022-02-16
Dr. Rhonda Patrick: Micronutrients for Health & Longevity,Podcast episode,Dr. Andrew Huberman,Dr. Rhonda Patrick,Dr. Rhonda Patrick: Micronutrients for Health & Longevity,Huberman Lab,https://hubermanlab.com/dr-rhonda-patrick-micronutrients-for-health-and-longevity/,2022-05-02
Understanding & Controlling Aggression,Podcast episode,Dr. Andrew Huberman,,Understanding & Controlling Aggression,Huberman Lab,https://hubermanlab.com/understanding-and-controlling-aggression/,2022-05-09
Understand & Improve Memory Using Science-Based Tools,Podcast episode,Dr. Andrew Huberman,,Understand & Improve Memory Using Science-Based Tools,Huberman Lab,https://hubermanlab.com/understand-and-improve-memory-using-science-based-tools/,2022-05-16
Dr. Wendy Suzuki: Boost Attention & Memory with Science-Based Tools,Podcast episode,Dr. Andrew Huberman,Dr. Wendy Suzuki,Dr. Wendy Suzuki: Boost Attention & Memory with Science-Based Tools,Huberman Lab,https://hubermanlab.com/dr-wendy-suzuki-boost-attention-and-memory-with-science-based-tools/,2022-05-23
The Science & Process of Healing from Grief,Podcast episode,Dr. Andrew Huberman,,"The Science & Process of Healing from Grief",Huberman Lab,https://hubermanlab.com/the-science-and-process-of-healing-from-grief/,2022-05-30
"Dr. Paul Conti: Therapy, Treating Trauma & Other Life Challenges",Podcast episode,Dr. Andrew Huberman,Dr. Paul Conti,"Dr. Paul Conti: Therapy, Treating Trauma & Other Life Challenges",Huberman Lab,https://hubermanlab.com/dr-paul-conti-therapy-treating-trauma-and-other-life-challenges/,2022-06-06
Improve Flexibility with Research-Supported Stretching Protocols,Podcast episode,Dr. Andrew Huberman,,Improve Flexibility with Research-Supported Stretching Protocols,Huberman Lab,https://hubermanlab.com/improve-flexibility-with-research-supported-stretching-protocols/,2022-06-13
Ido Portal: The Science & Practice of Movement,Podcast episode,Dr. Andrew Huberman,Ido Portal,Ido Portal: The Science & Practice of Movement,Huberman Lab,https://hubermanlab.com/ido-portal-the-science-and-practice-of-movement/,2022-06-20
The Science & Treatment of Obsessive Compulsive Disorder (OCD),Podcast episode,Dr. Andrew Huberman,,The Science & Treatment of Obsessive Compulsive Disorder (OCD),Huberman Lab,https://hubermanlab.com/the-science-and-treatment-of-obsessive-compulsive-disorder/,2022-06-27
Jeff Cavaliere: Optimize Your Exercise Program with Science-Based Tools,Podcast episode,Dr. Andrew Huberman,Jeff Cavaliere,Jeff Cavaliere: Optimize Your Exercise Program with Science-Based Tools,Huberman Lab,https://hubermanlab.com/jeff-cavaliere-optimize-your-exercise-program-with-science-based-tools/,2022-07-04
"Biotracking, Age Reversal & Other Advanced Health Technologies",Podcast episode,Dr. David Sinclair,Matthew LaPlante,"Biotracking, Age Reversal & Other Advanced Health Technologies",Lifespan with Dr. David Sinclair,https://www.lifespanpodcast.com/biotracking-age-reversal-other-advanced-health-technologies/,2022-02-23
Optimize & Control Your Brain Chemistry to Improve Health & Performance,Podcast episode,Dr. Andrew Huberman,,Optimize & Control Your Brain Chemistry to Improve Health & Performance,Huberman Lab,https://hubermanlab.com/optimize-and-control-your-brain-chemistry-to-improve-health-and-performance/,2022-07-11
Dr. Charles Zuker: The Biology of Taste Perception & Sugar Craving,Podcast episode,Dr. Andrew Huberman,Dr. Charles Zuker,Dr. Charles Zuker: The Biology of Taste Perception & Sugar Craving,Huberman Lab,https://hubermanlab.com/dr-charles-zuker-the-biology-of-taste-perception-and-sugar-craving/,2022-07-18
The Science & Treatment of Bipolar Disorder,Podcast episode,Dr. Andrew Huberman,,The Science & Treatment of Bipolar Disorder,Huberman Lab,https://hubermanlab.com/the-science-and-treatment-of-bipolar-disorder/,2022-07-25
Dr. Emily Balcetis: Tools for Setting & Achieving Goals,Podcast episode,Dr. Andrew Huberman,Dr. Emily Balcetis,Dr. Emily Balcetis: Tools for Setting & Achieving Goals,Huberman Lab,https://hubermanlab.com/dr-emily-balcetis-tools-for-setting-and-achieving-goals/,2022-08-01
Sleep Toolkit: Tools for Optimizing Sleep & Sleep-Wake Timing,Podcast episode,Dr. Andrew Huberman,,Sleep Toolkit: Tools for Optimizing Sleep & Sleep-Wake Timing,Huberman Lab,https://hubermanlab.com/sleep-toolkit-tools-for-optimizing-sleep-and-sleep-wake-timing/,2022-08-08
"Dr. Peter Attia: Exercise, Nutrition, Hormones for Vitality & Longevity",Podcast episode,Dr. Andrew Huberman,Dr. Peter Attia,"Dr. Peter Attia: Exercise, Nutrition, Hormones for Vitality & Longevity",Huberman Lab,https://hubermanlab.com/dr-peter-attia-exercise-nutrition-hormones-for-vitality-and-longevity/,2022-08-15
"What Alcohol Does to Your Body, Brain & Health",Podcast episode,Dr. Andrew Huberman,,"What Alcohol Does to Your Body, Brain & Health",Huberman Lab,https://hubermanlab.com/what-alcohol-does-to-your-body-brain-health/,2022-08-22
"Dr. Erich Jarvis: The Neuroscience of Speech, Language & Music",Podcast episode,Dr. Andrew Huberman,Dr. Erich Jarvis,"Dr. Erich Jarvis: The Neuroscience of Speech, Language & Music",Huberman Lab,https://hubermanlab.com/dr-erich-jarvis-the-neuroscience-of-speech-language-and-music/,2022-08-29
Focus Toolkit: Tools to Improve Your Focus & Concentration,Podcast episode,Dr. Andrew Huberman,,Focus Toolkit: Tools to Improve Your Focus & Concentration,Huberman Lab,https://hubermanlab.com/focus-toolkit-tools-to-improve-your-focus-and-concentration/,2022-09-05
"Dr. David Anderson: The Biology of Aggression, Mating & Arousal",Podcast episode,Dr. Andrew Huberman,Dr. David Anderson,"Dr. David Anderson: The Biology of Aggression, Mating & Arousal",Huberman Lab,https://hubermanlab.com/dr-david-anderson-the-biology-of-aggression-mating-and-arousal/,2022-09-12
Nicotine’s Effects on the Brain & Body & How to Quit Smoking or Vaping,Podcast episode,Dr. Andrew Huberman,,Nicotine’s Effects on the Brain & Body & How to Quit Smoking or Vaping,Huberman Lab,https://hubermanlab.com/nicotines-effects-on-the-brain-and-body-and-how-to-quit-smoking-or-vaping/,2022-09-19
Dr. Casey Halpern: Biology & Treatments for Compulsive Eating & Behaviors,Podcast episode,Dr. Andrew Huberman,Dr. Casey Halpern,Dr. Casey Halpern: Biology & Treatments for Compulsive Eating & Behaviors,Huberman Lab,https://hubermanlab.com/dr-casey-halpern-biology-and-treatments-for-compulsive-eating-and-behaviors/,2022-09-26
The Effects of Cannabis (Marijuana) on the Brain & Body,Podcast episode,Dr. Andrew Huberman,,The Effects of Cannabis (Marijuana) on the Brain & Body,Huberman Lab,https://hubermanlab.com/the-effects-of-cannabis-marijuana-on-the-brain-and-body/,2022-10-03
Dr. Nolan Williams: Psychedelics & Neurostimulation for Brain Rewiring,Podcast episode,Dr. Andrew Huberman,Dr. Nolan Williams,Dr. Nolan Williams: Psychedelics & Neurostimulation for Brain Rewiring,Huberman Lab,https://hubermanlab.com/dr-nolan-williams-psychedelics-and-neurostimulation-for-brain-rewiring/,2022-10-10
Fitness Toolkit: Protocol & Tools to Optimize Physical Health,Podcast episode,Dr. Andrew Huberman,,Fitness Toolkit: Protocol & Tools to Optimize Physical Health,Huberman Lab,https://hubermanlab.com/fitness-toolkit-protocol-and-tools-to-optimize-physical-health/,2022-10-17
Dr. Eddie Chang: The Science of Learning & Speaking Languages,Podcast episode,Dr. Andrew Huberman,Dr. Eddie Chang,Dr. Eddie Chang: The Science of Learning & Speaking Languages,Huberman Lab,https://hubermanlab.com/dr-eddie-chang-the-science-of-learning-and-speaking-languages/,2022-10-24
How Meditation Works & Science-Based Effective Meditations,Podcast episode,Dr. Andrew Huberman,,How Meditation Works & Science-Based Effective Meditations,Huberman Lab,https://hubermanlab.com/how-meditation-works-and-science-based-effective-meditations/,2022-10-31
"Dr. Layne Norton: The Science of Eating for Health, Fat Loss & Lean Muscle",Podcast episode,Dr. Andrew Huberman,Dr. Layne Norton,"Dr. Layne Norton: The Science of Eating for Health, Fat Loss & Lean Muscle",Huberman Lab,https://hubermanlab.com/dr-layne-norton-the-science-of-eating-for-health-fat-loss-and-lean-muscle/,2022-11-07
Science-Based Tools for Increasing Happiness,Podcast episode,Dr. Andrew Huberman,,Science-Based Tools for Increasing Happiness,Huberman Lab,https://hubermanlab.com/science-based-tools-for-increasing-happiness/,2022-11-14
Dr. Chris Palmer: Diet & Nutrition for Mental Health,Podcast episode,Dr. Andrew Huberman,Dr. Chris Palmer,Dr. Chris Palmer: Diet & Nutrition for Mental Health,Huberman Lab,https://hubermanlab.com/dr-chris-palmer-diet-nutrition-for-mental-health/,2022-11-21